old_full	new_full	note
0105d9e3b25275e74cf2a7acfae519a40f5c7b8c	a4036e246c8c72c3117f52c45b9ca62a96031107	
017128cf6639c0d1f7492438d42d3c32ebdbd266	75fb4173fc0fb01a5d3aabb27e35b648495e6292	
0173aaad596c500ef485037e6e311a5f42773719	534335d6c6e56438bd5c243a4b5e040db5d1208e	
01e25016a0035d723b6d679936f8e07efb41ed2a	e0a838bb5190067127e57cbb0e834ab877e1537a	
02501f1cef2eb26d2d17bafb18345b8a19d877b7	953b2d94885629776edf8835f00160580b8d43bf	
03640a024c076dae2504c9081542c8748b58192c	4c4629fec608cf68fddf1b7c9f790ca0dc5beafc	
043fce379307d851b83ee42e7605b5bc0799bf36	b5ff880654864f6e30d3a9a9043656db1c77bcc7	
0499d011f8d724ddca9912efffb97f6681f1ef06	419fabc7ba6d25d755afa1a19d2c797fc52e5748	
065e1240a86f7842ea4b3b5346b9ae296b435529	cd6dbd5a309b86a92169f26386786b840d5349a4	
08721ee7f573556a8b6ee1c9a7bcc2e5fc055c31	94a5a0298ab6faf918da07748336fdaa7ed773c4	
08fe9e2bb5cf43d976e15b57ad3eaf4563b52d6a	6dcd86202b93cd241a0e41d096c2d37c096608ee	
0906642493051dcbbb50bfa3f1dd422c7a73aae2	33d01c2aa00ef3fd4646ef10562a2b8e030442ed	
0b47ecacd948fa111a003b037438c0fadfd5e4de	9b0c54b276fcbd13b3e9b4bc3f94b869e8ab5186	
0b6afd32a24822b3085f91e5b0d2447012ff4403	db95e50c9aed590255c5819337df4160c949cdcc	
0faf8949a7878f63d03572ed3cc86c1187b11d5f	61eac6ec4624dd8a9bca1b403043a66b8b47184f	
113b249139aecbc3a9a98826605684619e8bb268	bf6c304064adc06e304c32e9b67b3c59d2a10289	
1156b8f25ef7f6821bd39a8129a0a49d56270fa5	4933959f8ab64f1aa739a21476e9a2cc7f4def4c	
1219a7c5463b5e9cb842c70fb2adf19cc2b2f143	134adef1bfb5ac6d44d31f0187f1261ebc5e76ac	
138c285a5485aeb050a2fbeb6b33127d7f573e62	d749ee5a5d2b0f04761aac6b22cfddb2a59c8094	
142e94768f80aa3a4c7c1faf5a040c87ec38b3f3	f060e8e7be0a04ae6cc0081bbb595752b47288b8	
147812c204c24ada19f78ef148e0479b0e1a938d	ce0282be72e75a34d29ca2469ee71266d293af11	
157fd4740190d4d2334d5824bba69596321447ae	23a2aa9d05e0798e3843c19d7e4c9275fc779260	
166d4deea99218355c223fbc25c6a5f6ca735f94	f12fcb1d200819e6a31b2f1425121f77ac459023	
176fcb17ca0fd77485bab3e953c0f5ee38b068ae	120db5e2a3cf6b4a65a6dbc09b0f2ccba59fe2bd	
18819088b9e3eb21edff1c35028d9abdffaeb03e	559aadf6e82b0afe78863b2c3a7750586a8aaa33	
19c012b897b2cab3d8d5392932c197cfbe13ef59	bf54a9ead4fb0a4a81583eab1b6116e1ae3de9ad	
1a08e9896ae5ae9323e7a6fc9a415be2cd32c4b5	1f66706c654b29d81ce5e5b459adce2d5a225554	
1af2b3b940a9c56264d2630adba941154f0090a7	1af2b3b940a9c56264d2630adba941154f0090a7	unchanged
1bee1d40b0979dab2f828c312b4db1003a0e3932	759e9be9dc983c4b75b82c686dc51b8598074f16	
1c79f1e86ceb0157f688b9d410b890de450f77d7	b6b1f754e8c189b6b6569b11a77c4651b9797ccc	
1d27ca975b3f4cf404e849ab63cda55ef65a9ea5	0c5a926c3a22385956bdfd70aa5931b96382329f	
1e3dc38ad5e376fdd019f26aae5c8d5473f53dbd	fa7baa635b3d73ae1ba896d9c7c953681a7a4615	
1ea58d17eecf6e4c5aa143cfe06a2b0f7a8ce005	745b0b9bc6d1444a0f0990bcbbc2f06824ed8d08	
1f1f991a56e80f3173517622e6bb734655ac302d	b1027ed433ae2ddc1e9b66fc452607bb0177e5e7	
1f5803aaa3edaf5208e1b1f7623dc3d8c5a6d1b4	5667a44fa8e5c6f06d008c0338bfe5c7870a83e0	
1f7b8eb32f45ea81066e7eadaaeae5412b98c48d	381568f72ef74d9891129a6670477288ddf5b89b	
202e550fb49a535b8960707d62bd274a825fd252	a7591db852a236f8752df7e7d1ab7f619171990c	
21b13c8a7560ae65054059f9a95fceeb387068f4	3f45345c06372aae1180484ae7b0967daee437d9	
2216a0b13897c7b55fad831c09e447f980536a1d	8b93a9a1d0600963fe9f514ee57575ce82487b6d	
23ee9db2a14bb889999c0c4c1896c534d24aa471	2610fea77b7470cf9798878dbf5a7c531a742e3d	
245d4a8cc0a2a250ff4e308700a0fe3db4c3e8b0	a972a60e5dd8cd97524f78d7cada668a3268365a	
2486a3cca7e515842aa34f0f504f0a46362aa87e	d089594ca2e4c88939503982118cc17b8c29d4f1	
268509a24f646e7fbd4b425511a2c216b9d91324	4f3c92ffbee7a2660129af0aa85b4fb8b135cefc	
27a21c1a4619d7ebc0b0f752047125d62c44404c	0000000000000000000000000000000000000000	pruned: touched only removed paths; tree-equivalent: 34bc2b68ca19aa153861f7ae968173e3ef881281 (old 32acb7d9885015e4d24af515312d137fa6c0dc14)
27b467d013569a6e3be7003296234d1983578d5b	d2ebcc29e4d6edc7c361b122b07efe380c32bac9	
27e60b2e29bcafaf64c4de99f714eb06139d932b	95c8008da6bc729dd6f960ec463fe3c22b66eb67	
28c49ee7a1f37fe0b26841e87dd5255ae92ed355	03ad234a4126209a2530916f69b21cc8c9e0db84	
29ba166812b88b96359bfa223658b2129809b67b	0f87384b084740edb641f25aa222316e7c2b2a39	
2a13526a3ddda923cbe0888acd53d0520e786822	f5a1c6759526c1df6c5230acd169338eb09de8ce	
2accc53e563b534803fb394a1ca8bfcc571e93df	36e82434851302f9ffdf1718db57467043973472	
2b62479a2b8df2dbd06b3436c150496853e88c9c	0580aa40a9ee5e5c5a26db73aab11d64f2b7a8cc	
2d832ec598147bcc6829cdc80cf0361646ea164b	c6e16a70374b87e11004960a9adb1aa3529ee069	
2e2642d07b59bbcce2429a9975d16fadf83624ff	d81a5959f7ce7b54bd51d12ed4e8250600b62ce9	
2eb8eff3e61feaf9627845bfd8c37655b26fac23	ae7a114edf10e66b37c2a7fb1ee61b9cadbe41b9	
2ee1e49387e1510e08028f448afd814b9152990e	f9fb9c148c9a90050e639ee15c350050a9f3c8c2	
31a1799a77d8639f7c72cf966a40a6ee2e280133	a2b67e9e53ab7be64cc10a88add194950fa725f2	
32acb7d9885015e4d24af515312d137fa6c0dc14	34bc2b68ca19aa153861f7ae968173e3ef881281	
32b8bec4a84217e12a26f989e748041f93b31d56	51eb02a38a27f20d514686be651858984a8a96f0	
33753e21214cb2f0776587ac64d3db5080607f43	2dae20102381f64cab1b99c85fce83ca40d39b82	
33d5d7be9c4256395387709ed626981f2e9fd58d	eefc2d6a3d1c63259c0ad16f66f212b7207e45ba	
33eaf5969ee625c14542b211e186d90b7d348c13	e44f0e0d85a5c9f0e08965146b6980f9b3594f82	
342380cb49022e234e8004ebac2214e4fabbd63c	41ca064639dca223bfcd17c418c44250466d2d1c	
34e39ecdaad612ac5f8918e16aaa8847d04c42d4	bb575c2ec540ba77c3c69ef2d2db3bee5ff4a52d	
3660e97cfefaa1e316603e88c7ca8d25c3c258b6	aa3042a9d64bfaf9300b6d22cd3da77d9dfee7d5	
377e4bc31b5f1417b22b10cf97ba0dfbb30f35ac	127221f8a1610acc0da82eff8ccb56ee7982ebe8	
37ad0616c6658ab6d0f20522972f442c28f8b960	415c24aaaf5d849704cd4dc074df7774e47a0fa3	
381664ab178c995879bb37ed52812d1613c150e8	288fb7e5d5a1c46084d059053ccb82b7f4ba6035	
3867855ea987144f05e519426f10f4004ceb4822	65e612907b9dc007d3dc33b74e52ac17764c6000	
38f19be38f7f42a040f937d2cfd86c5d869c54a1	646f733eaaee99716410cf6269b9c67e7617a83e	
399b56f2a43a1c49c96b31bcb9a7516df3817aa1	35ee3db21a93bee757c43597c47ba82782a23b15	
399eee796cf712711b6a142d07224e56a23e6398	570bed0bf5094b277136bbcd9ba3217177081769	
39f63c4945cf63ac08a5d198b33fe8a59c8f8881	122ebb59ec3e375bcacd5611e3f0eeffc9c1a976	
3a2cf465e385b6083c4e751cbdaae91540f21cac	edb2b6729a7807b4bf88dc1636628544ee0b6a36	
3a97543f1f9376cb6f9c6214be579ae7f3ad8160	897ad54e4d812c46b1d0fbe18b2c3867c926e282	
3aa6935a16ddaa06061b029f07cb31567ede99fc	0e07cdae680ca0fb991c044c9e221833694b8059	
3ac04c3f6f070cbd308bd719b28b189b52129fc7	648ccabf5eac9c964a1b84c292095fd41d926998	
3aff76a7547fa0f9850a92a33b277ec587b0243f	e8f06e69c7f0ee9d5f5c54dad8c036ca1a504d9b	
3e32e0055804bbf15fe60a3d3ac711ddfb30381a	995a2c6231ca9fcf7ff1059f195e47c8f8f80861	
3ea8f77786b3f51dfb7ad859419f5025a4d15db1	f64c14ea943e566c3967ae55e3bc2406026b2666	
3f0258e1090a0f03b9dea6c7ea3db68d092c0dae	093c52b99c2f65b7a9137c1096f3a1b69dd3f914	
4111c9f5ed8fcc2e7387c3667abefed53b1f45f1	01384ecf6dffbee8f0b8eb8958a7e6e7ad6cdd71	
41376727952c3e7cff2c249af72d863f057598ab	335e6faaa5c9e4253257d915b1f1ad562616112a	
41938fa4c4994a139f0881edf765a79a8779ab9a	fdc53f71a65ed0422798546000e1c8a499db59e2	
419c0f6b188b5b9581493cd154c74bc246de4e41	dc1a975e7c8737ffd00ec3602ed91220d486c2d2	
420e2462a71e7ee47ee8515eb9444bfefdc3fabc	69ff08f80daccfba492e73b0778d143524381e77	
4253149efd4bbd2cb941716f92fb6a36612a3d68	a10f90e98029bdd757ba75ca80f4e87ce1e99e67	
44ec2943217fd185c08bc59a62544d759120e078	411ef0ffc78396f033a8b6a4765047406c5655cc	
44fe9c65e75fe409d9dce8df5d74fcde77ece2c1	bd8d0e3a641ab2ccee58318a558471e854cc48c0	
46c756d1fa203fe30ac4f575b3ac7d5aa01f6a18	aa4b828ee68b0ce1175cf0e7463202b168356cb1	
48c0ee8a937232ae9ec4bffca51491150bc31643	10a788694227b9f4571959e2dd42a8c9dadd8e01	
4a7b69b44a5e1117fd994de21695a979928478e8	47b93d1e8a164cb68127de8b381b3b031c46c981	
4bba38f207a4b369ad76d2f041129929eabd5248	0000000000000000000000000000000000000000	pruned: touched only removed paths; tree-equivalent: 34bc2b68ca19aa153861f7ae968173e3ef881281 (old 32acb7d9885015e4d24af515312d137fa6c0dc14)
4bd66988a11d842b77a02e02a32929aa3eb2a3f5	be0a6e585a2631f1fa0884688dd62e93adca55c0	
4ccc96132d169910d1de75bd066cccd4440b3b53	94cebc4724e98192f0d71cf752366df2b1c6db6f	
4ce53f38377be77dd4420946856402c5f773f2e3	636a4c3b84d2874f606be49d07d469c96b97e5da	
4cf0cfa50a72e747f9821d28c43adfddf86c8ed3	5f831aa832a5752e1641366784eb4aaed459c800	
4d225cfb598961a7c299e267e78b1975cd436796	66a0588f74dec3a7a8f940eeea3897978b6c0af0	
4f96aa1bbb5277a220cceceb1f636de034b2b4bc	8913cde0760955e9c969d05208966c4e93a1dc36	
50bd59b0df6d5ba784c4b014e84d3defa872b5a4	080999f6bb454f726017fcc03ae75e0e986d1617	
51ce7be427fa1e6c786e0eb6359f232e4ed7e96b	670d218f80085ad0924dea5ea17d9630f72ecdde	
533c5327bbdf1387a62bd51238ddff5b3aab8f92	abee9044c304006e5baf5421b0463d8eeb541a18	
5347b35990843abb35dd1b59c3678b297316402d	1d36a441f2f1ff7bedf027c47e700b20a3ed2d20	
5511775d5154d79fb9d5a8d812d8f8b686f239b9	53673118cbb88da51bddfa685279e4acc1850824	
55a9a22cc2265ba0b5fc2be86043d16ca9d5e1b0	ca9d9ff4dd6bdd2683121083f08f02bba4ee4a64	
57fe53a49af785319511079c9b372c0259937cab	e8903a425da450351da5b85c52423ce70b7183e7	
5840ec8fdea62a49989b9635e751c163539e5f47	90f43991f98fcd19905796cbe78a94efd2c52f35	
59ea2f97bcc7f1bb24bb48ef348e24ffbafcf5b2	01dd1b6469f9981070ea165aac26374041ac0e08	
5aa209c8540e081f624ec1d47d2dd7de6f5beadf	18e8172640db59a537efadc575773c8b90b473f6	
5b9d8f0b21df1ca4995c1c88b68e982c6b5bdf93	9bce9f94789e0580a1b202f1282c3ee14ac1a80d	
5be305f17f983bb83be5584a33ce25c119d64c05	26d1a5aad286fe2ff4aac34b457ebb717f62cdbd	
5c331bfdf5f9fad72b029faef75a26efa056877d	9b82f99476ef233a08c44f48bf746de09a777236	
5c37adf69be21834a65f20381868338bf0b1a646	016ff267a7e00a3b3008287145dcd9d14a48b8c8	
5e43d13d7c0091f2fcfa624449b587af2efe0525	94d999bde7b3f6122da543b088f00b9d1c83fa25	
5ea6d881f071aa8934f8506b7485d4884b58db34	29fd50ac6707c4af8e2786dd586e2ab19e0fb657	
611cfda74b4da382d4fe37ca7ac1e6f66fb7d729	621b29072def7f6b89fa6bc2f88b0ac49c552d10	
6151027ddfd9e8ee701d41041631b8b990d33006	11c3ebc5c513362149c6cc8a5317117d5c177025	
6320cce166333e2d954f835ad46d3b6bd8255206	67cc8919f9912488dd585edfa0134dc3e998d3bb	
63be0d8bccbbf5e83bc075000454a8baba07db93	0000000000000000000000000000000000000000	pruned: touched only removed paths; tree-equivalent: 34bc2b68ca19aa153861f7ae968173e3ef881281 (old 32acb7d9885015e4d24af515312d137fa6c0dc14)
6435bc0ebd0b65846f80b906a7e11d97e5eeeb8f	e52a86557142fe5c6990ef954e00f428ae12919e	
648b0610ec8f52d9b229d93f3e1660bdfbc657be	1f12f84615d78c35fa98c3b420242fa4beab9bf0	
6556de6648ec180619648823c04071c250cfe35e	d3f93548874a4437de24c912b4beb083b64d95f9	
660a69d8061de620ec7b38805fe86a14fb11fe2e	21a78a8d675cf6e4f0fbdfdfd6c3357b1a5edeb2	
66aaefcdf7c75fe18ef15d310cf5de43002c2942	85872b894679a9b5c4db22ae57663d6ceb9e2df1	
67ea249072e5ceb7bd427f128e2f0b564857454e	898e61f78b6d2acb2ad9074a77f5f6abeb6ed737	
6b04ba97cd653da8945f1e33704948088a79284b	b833c94e4ca0efe39ca8bfdafc95effa50f5e47f	
6b7245cddbd37061400fe3923f9c768813b02e16	80aa182ca9447429e67bbd66f6f30a6899e8adf4	
6ba827001dc82b769c1219b554310c0b9c117d8d	e58d4d314b2faa2f30d22a2d9286c61ee1038c23	
6c5d9959eb1c87ade2101183e9227a080941565a	9925a9b4bf5b307efb07a3e9845ae7c21854748e	
6cc1499dd6dd96fcd7895d814f6aa80860449ed0	cb06f8ba15f59ed7c89e8099dc0e890d1d07a217	
6cdabb78493a92905e7aef0280cc2c38fe066107	571ca06301383bedb584c00260a91ec5cbc5ed5c	
6ce257076a0129ff770d84403adf581c3f48ef0a	2087145cb225447af4ae6ee4d16df0ac52e3e61e	
6e319b57686a666e616c6691bb065eedc072dde4	71b8a0a8debb77547c69d86570af33e027eb6d09	
6f40fec6d31cfed6235d864b05f06f79f24972cb	9327e23c18323d2fcfe8ad43326b802752925ac6	
6f563a1d3bc616bbb077464a3c37556c0097e908	22fb1c018b1bddef9bdd60596745e6b14e874f06	
6fe2054b81b34881027235940a6dbf8f5a65af55	12c0bebf1b0873c46ba5e8b00e6c8b307d949e71	
701ddf8830ab59d42fb77874218e55274ec88e70	e03784745ecaabb52583e22739f9363d548a0a9a	
7073849d498b14eed67a8eeb3742ef362f422811	97d1124f78c856ab8810fbf975e1d36fa625f467	
71ca6e332f8e228c84828d09f6cc53a0f07afd09	99608304a2f9c03df0a8d0664fe58b7f778a262c	
720ab68051654fe194b7217deae5c27c4a8b74cd	f6153cff622d3933ac61e158f979651b11d1a682	
722e887db00e0ce65ca25d96355b0ef46a511886	d8930a0af802c6cc5acab7a2b5aa99b9d5794c49	
72891e4292abaa2bb97b33ad6a21737b714d9230	84d02c9a3ef1f4afe926e7aa79e07d59a797a38e	
72899b516bf3d091298601124155404679a215aa	285c6ea2984777cea738bcc6bb1aac271101f2e0	
72e00ce14be4ff2b80b54b3f19127607db3dbc58	5b737a99d3673b5656514aba2b7d016aec8fc5dc	
730003a0fbd8c5546a8668796d3be210e68d51bb	fff4930e26079f796e1a3626132a4d135a0ff038	
7302b04caff5dcff1921ac222a7b7ca50aabf4ba	47ecfaea9894d6c72c8a63aada69d8a40147e84f	
738ec204851842406f4ec31b225db993d9c9590a	748e29eb472a88aa3ab62062974f60a5dc22fa8d	
743f41bca55eed16375361add4dd114d0cf2239f	beabdcfdfb7671cbd7b8de47469681f9873bfdf7	
744361fa813040c748d897f5264299b013abd4c3	a3dea372bd8d48215b6c75e79363cb2948715ff7	
7509578cb3a81e4250bff59eb3864a088b328cd9	661ae45b3d92e38bade1f845acf1f0242e7dd2bf	
7564cc8b986512fef46a6f5a93f2b4a396288ccc	25232f944d9df5f05338fc2696dc7f23c0775ae3	
75df5f5937b194fd1f72fadf4a31704aaa81eec5	511463a5ad6033a19cdacfe5db64487263fd0320	
7829a4cb509fa59605cbc24182b9ded7993ea8f5	8facc75541e7338be0c99ec66750ff37c3602ded	
791c160fd31800252f06227885d7ba9ebe5691c4	6d6601b2ac3b8b3eb5b2eaf35504bf66de98493b	
79ce6c73c6f718163cc0d542c985a24234e1ddfe	d214febb470ccaa871ea5fe6a621dab4258d3366	
7a2cdaca439acd73d2d324ce1c260cc473c34c0d	622df12bb88c12c1a8cc51dc1b7517d690e584b5	
7c1ed5471a54573ac5301e3da4a6d893edd42a15	b1b145aab15b9c2f987d953310d787d6e776ea76	
7c599c2f547bfd97cc23ae1f9360c26a93b65f69	b64d01102ccb6250af2c26f6f833baa4796fcfac	
7cdbed93eddcafc5f1f0dff7cfe082877a5d75d9	0b14f8fb5384eeab92a5d3b113a16de3f011c858	
7d4514956023ac83a69138be8a7946dcff74bdfe	8f132577e2f9a3920cd3c2a3a6b78d3b6d475dee	
7dbf422c8c2961b8f3dbfee74d0145d293ffc34c	4063a3ea2e19bd5b14ef94d1d3f478af400daf0d	
7f767c7294c35c3264175d0c76601189d8013c5c	8705ffaa06b69883bdd7cdad123e4383c4404ca0	
808d445fb84930a18defae7095b21b3c5a74b929	906dd1106463800523b936c71ad558e1d948388b	
8126f67845b37511565637f6d3a8c86d5bcb48f4	bf1d31fd4a058457463705a25ae910899f8e990e	
8166cfc5246182a099b40db77f95bd58306c9a29	e53a03c05e8391ad471fce604d6c2213e2ec8cb4	
822483b06d7a125bb03c4cf836a4309b94f22b70	90eed7fa0d199fd872ce2f7ddb7747a8fd35680c	
82442ae845b87b1194f9077c016d9a99caacffd5	7964180fcc330d8d1b5375bf8b2d8c91acc58999	
84475eb3073b3bda3d43f9c3be168ef986ef110f	9791a9788538647a78f65cfe26bb5b88fd148cbd	
845e7e2f0405be99578f7ee6855257f69a3f90d0	a868ab80b2dc554b50d91ac2df057a803fdb5549	
84f04e5cd1734b2c81be043a196f822eb3793dd9	a28e4a50c9ffc4c74545ce1d0d39abe5354c9dc9	
84f15e90640169a4e6f0104e7630d40500cee404	3b84cebb6e6b2f9d7c2a8b1b28fb7e9649b0dc0b	
852dbf0555774d92f141c54a0fb3dc877ba921f3	3aba572c3b5c1c776ad3c5a8b71bded25d520b54	
85fd37336de10a4159585cc1d89a150af42365d0	dfb0e9877a3f2e186871b5c401cb554536fda620	
8649403a877b65e82b029cf0c6f5e70e02365cf0	0b61b6a042de139050489fcdb86f67293fee7621	
864c6034642ea56819c0919b4b213a05f8a8a6e1	2f6193ada8f8f232ae8359b529d6cfc0284bfa85	
86943e6fb37c89f4dfb100c76cf5453c4bf06d72	0d54692eaf6cceb61f62b93352820692179f3f46	
86a1f5ab29fe0aa495193e731f5711b2b7873edf	191a11ec491c6e03ded939854e31c125e1a66866	
8749818bbc07417a31dc8fce1ff6ebc06c7ca296	4f25c632f092de9adc693817e70d8b805f6a5e53	
87a653ef6b267c000efd2cdd29304c8214081bd9	7f63520fa62a62d746dd85d2db64f199eba433d3	
8802a954dcb71fc5444dcd3b0a55162b15a676b7	388e896d8714ae76bef92b5110d8e8350f9f8818	
88186f778e90f25e867592edd2c59742a175de59	92c6ee9c065a572e8ece4ee4a5ee57465399c56a	
896b185a4284cb4df117be1b859c18f0d0553d4b	5327edadab8a8db438cc562466ba5b5d77383409	
8af74a537440e247b435943a5dff952a2f7d404d	16ae3aef76fec4c3978a2345b6dc9c4abff6bec5	
8bd069c69e7e67645fb781890257a8caf0795beb	4b5f40d326062e6b58fedcf396980ef5b2f49bf7	
8c3b3791d99f4dba32e60f87f9f97302e3ded9bb	edc4da5e7c0e38adc34bece6efc08ab36547b482	
8c6488198f46544c836fea079cdae95133f2d66c	5b465fce4992726b705a59ccccde15ab615f5c93	
8d44e8a4eee0e3bed87b917dbe21629696bedbf9	8d44e8a4eee0e3bed87b917dbe21629696bedbf9	unchanged
8d5e8e2c28cf6ce610c646e302b50521d2686c9c	dcd7b625d98cfa66b4cb171a48bcc70ac02b2c05	
8d5f055f82f202734fb482a71a8b76685bae5fb4	655720e99ed2def5692ef1c876934686a19b03c9	
8f8ca2ee613a47037aa500e4573f83a001c970c8	3f705ef2327de4e0c53c47b0f2b34da7f014d219	
8fa53186160c80a2fb3720554cbb672721d8e807	17cea6d27848b8e0036c277b38701df31821ac79	
8fc0b66887951d7818adebcfdf55abc011332d44	08a22f75694abc2fd42fd7bd1991abd445de1c59	
8fcc848471f708957f67e8e720bf6d7cfbbfe5df	f42321f4dcc2e8a5b9f9b76eb349b6a4f7476412	
8fd91fd2f326bb76a5499d3d45dcfe9d9de66f03	c0bd7e18242ee0d081357e7f749ac4ff7303a1fb	
90fb3abb6d69df1944f7e2ffdbc988d3733bd15a	847464fa4889d1c817b0ef7127ff31776db2dba2	
925960fa63ce9ef8b962df4c216dcb5d59bd337e	cf03b817d06dd6fefa6a4976258b353ddb1167e1	
9460b06b554f6bc2015ab85ee7bdcccdd14b2837	8622794f7c3e37032fd148f61eab311c827326f9	
9460b06ebf65eaa371113165f19cdbc6a1ff7497	e8ec919e662d5d021ce62faa8292336b85261031	
953156cb63f829a4b8c002e840eada1c173796d5	177fdc88f54dd9894b69d4495e28bcef83d3ba7c	
957ec7abe443b998ae4612312842b7f314541b2b	b33b3ae4b2f187fe44411fd9d91b886fe7a87f7c	
968fd7b9a3afd589378bc2b8ec2dcdf2d4528c58	76f5fea23fe04fd7f76b15d93cd13477e11132d4	
970ec03b19211c6550a356703f658e0d2f15644e	164320accebb2071fa7782953d1f8f4373516465	
987d431e926c58afbdd8673eae7d450a2dfe4f2a	d3b64bb9b7495231fffdf7a0c805ffbe4d7bade8	
98a723f4f6e89df4a5b4550b11ea793dba546b01	bcb1dc9777c5141768acdfb79f513ac24e0d91d2	
98ada77cc357a10686a94010af906de9d54985ac	d7801d5c7008ce393acf5be3ad20003d26f26f23	
996728a083eedf343691cf75339d96b5caf439b2	21e01ba66ef67ca4e3535640c3dccee0c309f938	
9a38de35bc7c5e60663be6a78f49fd11fa095210	181eddea9580ce64e1a89defcc56439d131b65e2	
9b2495bce5dd63cd40dadf6c2d2f5fcf0223e863	ea0a26bdd73646e7d2cb2e69a1111d2b2e7c6377	
9b545d6013479a6827dc5c8972fe87fb9d18a1c6	e5a66ee70d3482eda32a1b9c807dae4ce94c0f4f	
9b5ec6a89b8d3c3997aa020e0459a86cc4575695	0f8ce459a7c0d1c06de788fc9f11d43abc80e425	
9bd778b48b0d6d6d1a7a5aeda4e78a063aae9741	cdec85667b07ebb4c1e0d43b790a77e7839c702e	
9e84e36422d1857f5c1bc86e2dfa33349d896e72	b7eee6b6f67864e265c6b72e1a80e806332aeb86	
a05213e84992cddf074220b4ad3b1bee986cb629	d0963f550145907a6ba18fac8a27f56f2f7ed091	
a1083b08e6eff1701225c238f55443798efbeb74	8938a0a02ebd7680c368807e1e97857937fc1aad	
a25d8c955556fc91f5437dc61071317d7c799322	2a250ff5f1c2bf0deed3ccd6c948645dc2fb2377	
a275182a6d182fe9ae1f3c558d59ff82930fcbb3	2d4d3413e47b71df8d3c779ca6a5a3d48a8917d1	
a4fc75de97305014ab910d481df80caa7126cb9e	7374f8cea027884288296d2a9063583095ccb556	
a526fe4b0badb0003d74a3a4f90a350bbfbe729b	e7b80d5afc730a27273e2a27c497967996ee5bbf	
a62636e26484266189cd33f9752b4cc86697740d	d982676b2166c993b419fc862634903638d0525e	
a7338654fccfc25304174b0cd7214e79a0a773f4	2dce9f6c29bad038b01cbce3004c213b54c8bfdb	
a786c998f2bc97e7996ebe6f08b440f8638f57d0	c359bde8ce1daf169f06ae248afcd2ea39630025	
a7c2e1831814f8a4e42a4e23aabb59c1ffc727f3	b50064b500133404854e2d8f142d276680f5dba2	
a8532b20729fbb21f2da270189484354210c5eb8	25364ad6f3ca786ecc51e242a590a3b69ddb8e73	
a8b63f008cbf75f39088aa741ac0b3b778de384b	e7fb408dc46b5b3027f6a300c62ff15a8ca23007	
a94b133bd89bba29136abcb06cd81fba867e199f	00dcb62d5ffb0c0cf284dd1a05e1528fbe2ccf12	
a95775b9a9ee89dd1404ab48559d198280175b10	bfdbf27765308baa6df2b7635d7828b7855ab626	
ab56c5ba3c66e619aaf43b2b7f0e4634cecbaff2	791c6a10e7bde23fd80bfb0d6c551fda085ce0ed	
ab5f4840fd4c8754b3885ed2a5685c1abbfea61a	910b617867e49bf5347b975051dece87c47439b4	
ac6535b47d7baa881b06702bc44beff59255a0cd	e342c12aa0f34bc9a3bca6828944571d21d763cd	
adba62716618ef00043acc4cde3557ad10f2d7d6	adb6ea551fb7b03c3619fccd0f60bb42d473f9c7	
ae4696f79e89ec7228aed7f3abcbb2e18d229676	96c743a007768e0176f1e7100038146824a20ec7	
b0b21a938234f1f54cc393cc9218a8b1c7857d90	df9a87dd33f8c840adce715f9fddb776bc463198	
b150c7314d18c6ad30b76dc5d593e45c588bde8f	b150c7314d18c6ad30b76dc5d593e45c588bde8f	unchanged
b150cf0adea0fa4bf9baa45dfc04649718ea40d4	78f3ffdacb8e14479f1f218cfca3d9179bbd0066	
b15f52e540e1ee1e7e2409e59dd4ab035a2b69de	0000000000000000000000000000000000000000	pruned: touched only removed paths; tree-equivalent: 34bc2b68ca19aa153861f7ae968173e3ef881281 (old 32acb7d9885015e4d24af515312d137fa6c0dc14)
b290781852b8ec60c69c00727283880192e2cdc7	6008330418c2e8f01e0315f44bec62736c518c5f	
b2a1160ea96013b7183c349ebed1e3c31bc80f3c	f60daaac3237dd443e2354fac598a2559c82e3d9	
b48e58bc43293ad6652954c6a717ad6ef22429a2	b5d265825a00dad70ba2b6324f60be3d99b8346a	
b6af8f4b470f40c2aae020bcb08ffceee08064f2	1086062b66e14ad57c3fd1bc0707c1c0405a54b5	
b6da3a6bd6ac401fd514c955a56208369509906b	fa9f3a64fd1c90779577d29854e7ca4a529f1204	
b6e31ca4f721eb266b79b03df9fe7da26bac21e3	1d9b17129db36d1e82d611666a828ddc46426306	
b7e1b5b681dc66dd27aad5e47fb226b26d60b3fe	804ce3f0993f3d017689e099ce12a63c36c82060	
bc8f79951c784804bf2f6d8112c0a5574b51a417	3dd9b2da39d4dc105f6b271efdd60c504553e880	
bd0e1dd2c9249d6f7e4d20deec343a14a113b256	0000000000000000000000000000000000000000	pruned: touched only removed paths; tree-equivalent: 58fb33cc02aef9c7ecf36757d6871e9489241a6d (old bec0aac11e1924524004c121679a5144788f5ee3)
bd319c766db5d1fb6eba22fc7affa51c71c644de	02c3e78477bd15dfbce263a3e96968eee66778d2	
be4d2d6c889cdbf2df0bd3e35d5b119ee97a478c	6cf2cd78897f8e12b20175e9fb86a19baba4f928	
bea4fb2e0f8876e5698d3ff27f8b62711b981d34	e7425e0a553cf1188878d0ac7143a1306f02414f	
bec0aac11e1924524004c121679a5144788f5ee3	58fb33cc02aef9c7ecf36757d6871e9489241a6d	
bf22e16cf8a7953e316e2082822d0da964346d73	949180f1dee1eb2b79de95256394b222a9871648	
c0111d9f12ddb696ba08bd202a0420034cc6c241	0fa389a249ba3f3ff3bc2cd39ccd3057f80be051	
c0ef6f8a2ef1bf750a1440276492dfd93fc17d6f	18f3667307fac17c14d135ed476ad41fddc63d51	
c137dda91ab87cc37efa25d4a7586cd7b81ef88d	acf7eb9887c521b0a017e7808bd13d79d590b208	
c23666fcee32b403402f1176a841273ed453833a	d3d2cbdb91985dbe64251c15520457bea00e934d	
c26c82c8c9f5639650ac293c16aca2f29c251079	7eacc0716445bf7113f4e97a9cd424f7f4f7edfc	
c448a8d8a1da88f148e5828d3934be823dc7a6e8	ceb809b6434ed2b5dccf8abb218c8b6c66634a48	
c474a5ccc1f66f96db0f46f542cd087b2aaa1fec	9c11b5dc07e933621e5c0469c89eec2242d53ad4	
c477698dabaf8c1190fbd65ddf5dca70a55dc531	e6470555b5cbd6fb9647d710e94fa1b29d21de5e	
c49dec52b8592133a91f9a62c26e315f786ef9f1	7f775d1268654c9bd5d057228925a6ce35caeb56	
c56331aeff5ad98322e816adc7eafdf5bb93eb20	082796c96f66eadc94f98fac5b225f69d3932827	
c64ace5282d6935e06c982b8f779738db316c899	d19e17ddba7d1b55f49ed9954963ea996ecbec92	
c65f0e87fcae15bc1f14cc435ce476784a274214	ba850c7081f09fb075f366a46f457389b4145213	
c6c0954ec1bccefd9f6a1064164c3a9fd4f0c632	f72630da4d63dbba39c12a1dd39495fdc9c5ab61	
c6f24a5ccedb45456a5bcc95e2ecf1e8cb84bb37	be3b251aea1de341ea1e245b02b86711071e8766	
c81449a1dff0e1468765151d332fc9ce223c6200	e6ea1d4d761183a022b2e172fd227af9948301e4	
c8c0217c0896df9b55fffb4ad99c025934e6581a	1c0735cba655a40b17964b3beb9136ebbc641ad3	
c958a36b62061f87debaee69f2f038c3038fe55d	07b71a428a565751e3e768e0533eacef7b6230a9	
c9e173365769694357fb3bb5503120872a6f155a	5f4eed4812631e13be3781dad239fb2f764d5968	
ca2f598c37b5f0e40198c1589dc818e760602cbe	f3f6f1a542a51338a86612cf02cff544172f9126	
cb2740b5b8c52572c2fd33ea6fecf217aab90307	77f05a7163a7401e3f1fba9ac1be5962c9870261	
cb4892b403ef1e17c3178250fba3f57c90acfb41	9dfb8a38e344d542c2daef9af81f7a844f93f2df	
cbb06821bcb2ef66fd8e8f5284082f210b281a85	c40a38e58834c6c6801447a28df827090275903c	
cce3bbf6d4ec70f90e47f18eca94ab2bd7e08557	0000000000000000000000000000000000000000	pruned: touched only removed paths; tree-equivalent: 34bc2b68ca19aa153861f7ae968173e3ef881281 (old 32acb7d9885015e4d24af515312d137fa6c0dc14)
cd70e7d82fa6eb9add7f509010a4a6700e71b6a3	f53ad58ebeba346ee05f5a44c74e9dee351770eb	
cd8b11912df970b1127109f34c9f2eb59f3c1f07	ffe4bd338d0140082b09072c6cca012066cdd096	
cdc01882e331f68d823151470465b7c8c02f37f9	89d0e07b934cae17af68c5d097255df9469ef6e9	
ce053a618447848def60d2d73714cd04c4c1ffd2	8f221ef9d3deabf9171b634b0f51409d5e329b8f	
cebed9c340dac2d740ecee713282f570d42bc76c	56b42254ef5078af39345760f74260d0e30c31a8	
cebfe5805a2376188e10e041f320b20408806bc9	d123e6f49c9184081d39d9d602383782fbdfffb8	
cecc881445accb4a7ecbfdb8c91b1d78c4c8aeb2	616de5114c208630a26e092feea0fea63aa0004a	
ced225812f302a296a120342f2f0c20e6d2b4fd8	3c9f31badecae2bdd31a4962ea2cd8bb56563ba1	
cfbe6d1154aaadefec123a95d98e7fc2e56eab59	ad94a925f68d06737670854e482164859abc0acb	
cfed56317516b52d678ce1e5de69561ab0d2c844	ba081deb7bf61e5a1fca972666c96409dac0a5cf	
d0dae407034e5a3f6d91b6098fc9c6aa791f9a0a	350427db27e45406f998a1476f28ceca0f23659c	
d0e477a691a50850c8c1cbbb35e75e5dd4db47a9	1f00fa1ed20e88b21742ebd49b0840de07ef5d51	
d14b5536668f1aabdcfed4c794d679185a112aad	f14128ed5c49b5c0fe8a42f70106657c241f9fea	
d231fed093e40871f184d279907f759b2d71420c	d231fed093e40871f184d279907f759b2d71420c	unchanged
d3b2d7a006cfc5cd0c6c5ef99b516ab7c15c1b33	59d5bff9846cad9dc9a05d3bcffcba81ff339689	
d6187b1e85b56b85e5dc8f3dbfbda343f6c73ef7	a26170e052f084a068e1c23c4c74e1052f24c0d0	
d61f58fd570265902bc8488aa0d3e232f1b7e1a1	945d73992b8cce20010e7b67f449b2f53ac4d55d	
d688cb8e36761017cce02346d05fe70e44f9e651	5664fda2393025994d8918debd02b8a08e697e7d	
d7cd33c22a2372c0d6b5914b05280098769c8f75	f4366cf33ae2795077aaca802a530a5d49d56a47	
d85640f51e911c139cdef87ab1744ac3a8a7feaa	a3ca7c037d470fe4b6ab28749ac4c4d1c2b7c82b	
d8737810a797f8bdf36463a6f319282557208c11	1aa2a5eb10d9cefaf77587458a4843b98c2fefa9	
d8bb418c51643101c2b11e3e55438404673dd33c	89f67913ad1ceda6564dfa2585bdb4fdcb96f499	
d8fe129d9c0ae473f0a4f35361d51b3c08f8ff9b	f019104c75bb404396372ee6ec34c0b599094e7d	
d9803f57a5fcef2508bde108ffff9b874f594bf6	4fc07136ac6bf4af6533fed3d2622193d34b70da	
d9f506a9af5b58a8e1d180d73e050667340ceb55	84e8f817f3be17bc38a9db16d4ac19aa985fd732	
da193ee96240d9dc610bc8c9e81010cec3f8b750	1c285d090e514c46a287897744a1c4a111612268	
da4c115f85b740ef936b209d8e7fabb02fb46210	5612d369f690f32914cfcdce0c91531ab88219b9	
dbc52e9b389ce9437d4822941badb3fc5583a363	db0abcd8602f236e37db97c6afb5707a56156106	
dc54cf9c3323fbabddaa0d1c48a26fe87965bca9	e28c26ecfb97fec9dd18ab89089bc3202e0a7562	
dc92a251d1e34ebe87c72166ba0a36946148cf14	76697f9580ee9667d8b9d57844c8dc9e1483c2ac	
e096b0d6981d31bf6671c67f270f87354c89dd90	726254dcd2c8c023eb228d0e9119cb57b5625274	
e0a9a016d03c6a3be6efc712eab68753c6ad79a4	5799ea131b997402e763b147240e77e211459805	
e1b79c2aa3b84203a51bd2c41b418125e5ffdc43	c0d0be182bd776c0bc447faf1020a4e8c4557b59	
e2f7f20c1abf49d17151c262f66e9264944c54df	c92a8131780cab42ed228f4356fb171b106459a0	
e405ed30690d0e766abcfe48c46f622890191b16	bf852e10a9770c715e110dfaed23bc0c6c92b5a2	
e4580d8b7bf06a4e29318a0387c4314d6c274223	083a651ca09ce85791e410343975c4fbe610dd23	
e4616d333a4ec0cf1a5375830d349b56ce030fe5	24f5cb1b4bf1cf208fc43ab6116ca4cdd4f997a6	
e7c2018a6f358e5c17c38415f544873f6bc5a282	ecfb3da684a582f009217905ca593cff6eb9e170	
ea7e7759e993d940e1c72d4b356bf3fdfb606ff6	af0ccb5d16648fd91404a73f9428fbd9c9d10ea8	
eb53c99f417bb496ae491ad8e3aa99f25af4c0e4	f04673751c67ff79cb49289a24693364b51ad905	
eb83ea4c400bc5e49b282e4518f1da19d26d7350	2499d2016a1c50df74f8961c186977595ff80061	
ec2f22484ea1a29fc2e43c35d69548d57e033744	b37d0075d46d5021121712a1b5adf1d7b919a01f	
ec3f29e6daa6485a294688c5670272e30406998f	a5f6e872b56287683d0cd48514cbfc64f7485270	
ec7f32680023415eeb6f9ec07fd785ac6f1a887e	bf172c0218d68c390866e520471dbd627ed563d9	
ed82b1899cae06c9fe9f8b4f43df672bf61474e0	c9a26d6509a0947b5734df740a31b55739757a4f	
ee177ace6db900cdd0f1a546d2dc47bcdf421451	ec6470eeed0c32c41c0a967a1fd3a5143fd69d24	
eef83e5c5e000a6779a5ba4b78b6af1d4db186bf	4e6e1934fa7f0adfe53984ff27ad5c636b87acde	
f035123caf045d2274134fb074141f70d21a293d	d25f42a134701b2af21ad344e848a4643cb41743	
f092daf3ec724921b3b2d6aaec4e775606a4a168	1f85b5503ec37080feba4419acd7540f6737f611	
f3e887358867163c83d4fcf993d9a1d643b68b1e	f1176cf9a1caf6082050a92eba9edfa44dbdc49f	
f52f1a243bf539a9e32c6b6b3b615479ce5fc205	5ff68eb11e9d36648c920ee087dfc25d3f5c3b15	
f56bf32f6fd7b12c42e94d6e95f84b82024c9694	536ac708067a3fbb7ef0a5bf15da566429b059f1	
f61eadb909e1792c1a2ab6ba156ea164f7f8ceed	7ed65f6e4489acc041fe15e5de7dc04279547903	
f690b6a5380f0e8e5a293780e7efaa62d9006a80	1308da14558ef9d8b31274ffd516016482cd7499	
f7f5b99654018ce4d53bd7ad80a959ef8ee01a34	b0edb35bd5c3f7b522ada2b971aaec545989b056	
f9909ad5d194a2ef8bdfa56e770477cae3e6f7dc	d7c4214b6ebfebf29b320334d8581199cd845d15	
fa93a943501fbcb2a90a2a1d1c2dd91ad2e22bbf	d5ce90b012467d4961aded1bb66d28fd5561ae9f	
fca5da59e8163ac5d2c71985a28550b1d96a0a7a	41e0e7b4616703f4b10930b6df0e2962e59be883	
fd489e079b87a3e4add733be47c1d6dc757cdc67	89b3dc4e2ba3dae5748744f44cb5181c408940e4	
fe3026c019fc31062ee4b82924539d842a72040b	ab5acce396c3acec5220b8cf0ba65ed19b1a33b7	
fe719e961d3dc048f29f0d09722a3739f083dd30	9b0626901b29aa2ad7fe59647b6628a32ec4cbf5	
ff71e4ea2e40292454fd23410d6bd4dda803c34d	b949fcb9d31346c6dcd437f75e3784b6eab523e4	
